mypy_boto3_securitylake-1.37.0.tar.gz,0
lap-0.5.12.tar.gz,0
FlagEmbedding-1.3.4.tar.gz,0
iterative_telemetry-0.0.10.tar.gz,0
langchain_community-0.3.9.tar.gz,0
grpcio-1.9.1.tar.gz,0
backcall-0.2.0.tar.gz,0
tracerite-1.1.1.tar.gz,0
setuptools-odoo-3.3.tar.gz,0
google-cloud-bigquery-reservation-1.9.1.tar.gz,0
apache_airflow_providers_tableau-5.0.2.tar.gz,0
pytest-md-0.2.0.tar.gz,0
paddlex-3.0.0b2.tar.gz,0
nbsphinx-0.9.7.tar.gz,0
rq-scheduler-0.9.1.tar.gz,0
google_cloud_common-1.5.1.tar.gz,0
brazilnum-0.8.8.tar.gz,0
bridgecrew-3.2.99.tar.gz,0
esprima-4.0.1.tar.gz,0
llama_index_vector_stores_chroma-0.4.1.tar.gz,0
svglib-1.5.1.tar.gz,0
apache_airflow_providers_microsoft_winrm-3.9.2.tar.gz,0
sparkaid-1.0.0.tar.gz,0
pytzdata-2020.1.tar.gz,0
caio-0.9.21.tar.gz,0
dbus-python-1.4.0.tar.gz,0
pygaljs-1.0.2.tar.gz,0
social_auth_core-4.5.6.tar.gz,0
spacy_curated_transformers-2.1.2.tar.gz,0
delocate-0.9.1.tar.gz,0
pure-sasl-0.6.2.tar.gz,0
faster-whisper-1.1.1.tar.gz,0
portpicker-1.6.0.tar.gz,0
pyvmomi-8.0.3.0.1.tar.gz,0
wagtail-6.4.1.tar.gz,0
types-pymssql-2.1.0.tar.gz,0
aniso8601-9.0.1.tar.gz,0
supervision-0.9.0.tar.gz,0
pytest-parallel-0.1.1.tar.gz,0
flake8-junit-report-basic-3.0.0.tar.gz,0
pdfrw2-0.5.0.tar.gz,0
mypy_boto3_voice_id-1.37.0.tar.gz,0
readchar-4.2.1.tar.gz,0
coreforecast-0.0.16.tar.gz,0
oslo_concurrency-7.1.0.tar.gz,0
poetry-2.1.2.tar.gz,0
jaraco_collections-5.1.0.tar.gz,0
python-lsp-server-1.9.0.tar.gz,0
remote-pdb-2.1.0.tar.gz,0
oracledb-3.1.0.tar.gz,0
discord-2.3.2.tar.gz,0
language_data-1.3.0.tar.gz,0
marketorestpython-0.5.24.tar.gz,0
opentelemetry_instrumentation_llamaindex-0.9.4.tar.gz,0
terminado-0.9.5.tar.gz,0
eralchemy-1.5.0.tar.gz,0
EbookLib-0.18.tar.gz,0
odoo-test-helper-2.1.1.tar.gz,0
aiodataloader-0.4.2.tar.gz,0
meltano-3.7.2.tar.gz,0
opentelemetry_instrumentation_boto3sqs-0.53b1.tar.gz,0
dbt-1.0.0.40.0.tar.gz,1
mypy_boto3_launch_wizard-1.37.0.tar.gz,0
okta_jwt_verifier-0.2.8.tar.gz,0
pyobjc-framework-SecurityInterface-9.2.tar.gz,0
notion-client-2.3.0.tar.gz,0
lob-4.5.4.tar.gz,0
lpips-0.1.4.tar.gz,0
funcsigs-1.0.2.tar.gz,0
dnachisel-3.2.15.tar.gz,0
formulaic-1.1.1.tar.gz,0
sphinx-togglebutton-0.3.2.tar.gz,0
mkdocs_meta_manager-1.1.0.tar.gz,0
safehttpx-0.1.6.tar.gz,0
behave-1.2.7.dev6.tar.gz,0
mypy_boto3_customer_profiles-1.37.0.tar.gz,0
dagster-dbt-0.9.9.tar.gz,0
mypy_boto3_sso_oidc-1.37.22.tar.gz,0
nbconvert-7.9.2.tar.gz,0
dulwich-0.9.9.tar.gz,0
flake8_class_attributes_order-0.3.0.tar.gz,0
bottleneck-1.4.2.tar.gz,0
apache_airflow_providers_grpc-3.7.3.tar.gz,0
mypy_boto3_opsworks-1.37.0.tar.gz,0
flake8_tidy_imports-4.9.0.tar.gz,0
ansible_runner-2.4.1.tar.gz,0
jdcal-1.4.1.tar.gz,0
sorl-thumbnail-12.9.0.tar.gz,0
pytype-2024.10.11.tar.gz,0
pykakasi-2.3.0.tar.gz,0
flupy-1.2.1.tar.gz,0
psycopg2-2.9.10.tar.gz,0
alembic_postgresql_enum-1.7.0.tar.gz,0
artifacts_keyring-0.4.0.tar.gz,0
aws-cdk.aws-certificatemanager-1.99.0.tar.gz,0
aws-cdk.aws-lambda-1.99.0.tar.gz,0
gql-3.5.2.tar.gz,0
pyconify-0.2.1.tar.gz,0
scim2_filter_parser-0.7.0.tar.gz,0
pylatexenc-3.0a32.tar.gz,0
azure_synapse_artifacts-0.20.0.tar.gz,0
types-emoji-2.1.0.3.tar.gz,0
pandas_schema-0.3.6.tar.gz,0
airflow_dbt-0.4.0.tar.gz,0
sphinx_prompt-1.9.0.tar.gz,0
edk2_pytool_library-0.23.2.tar.gz,0
gherkin_official-32.1.1.tar.gz,0
ua_parser_rs-0.1.2.tar.gz,0
crawl4ai-0.5.0.post8.tar.gz,0
solc-select-1.0.4.tar.gz,0
j2cli-0.3.9.tar.gz,0
pyobjc-framework-AutomaticAssessmentConfiguration-9.2.tar.gz,0
opentelemetry-sdk-1.9.1.tar.gz,0
mkdocs_redirects-1.2.2.tar.gz,0
cerberus-1.3.7.tar.gz,0
stream-chat-4.9.0.tar.gz,0
LunarCalendar-0.0.9.tar.gz,0
msrest-0.6.21.tar.gz,0
pytest-depends-1.0.1.tar.gz,0
scikit_misc-0.5.1.tar.gz,0
pyyml-0.0.2.tar.gz,0
webtest-3.0.4.tar.gz,0
pytenable-1.6.2.tar.gz,0
xml_python-0.3.5.tar.gz,0
apache_airflow_providers_airbyte-5.0.2rc1.tar.gz,0
simplefix-1.0.17.tar.gz,0
mcap-1.2.2.tar.gz,0
tangled_up_in_unicode-0.2.0.tar.gz,0
aws-cdk.aws-logs-1.99.0.tar.gz,0
functions_framework-3.8.2.tar.gz,0
django-utils-six-2.0.tar.gz,0
unicodecsv-0.14.1.tar.gz,0
pytest_regressions-2.7.0.tar.gz,0
django_bootstrap4-25.1.tar.gz,0
pyobjc-framework-Speech-9.2.tar.gz,0
gruut-2.4.0.tar.gz,0
pre_commit-4.2.0.tar.gz,0
evtx-0.8.0.tar.gz,0
mypy_boto3_bedrock_agent_runtime-1.37.22.tar.gz,0
eth_keyfile-0.9.1.tar.gz,0
multipart-1.2.1.tar.gz,0
aiounittest-1.5.0.tar.gz,0
apache_airflow_providers_github-2.8.3.tar.gz,0
streamlit-option-menu-0.4.0.tar.gz,0
iniconfig-2.1.0.tar.gz,0
oslo.db-8.5.2.tar.gz,0
eventlet-0.39.1.tar.gz,0
python3-saml-1.9.0.tar.gz,0
blacken_docs-1.9.2.tar.gz,0
qsAPI-2.2.0.tar.gz,0
pixelmatch-0.3.0.tar.gz,0
apache_airflow_providers_microsoft_azure-9.0.1.tar.gz,0
langchain_huggingface-0.1.2.tar.gz,0
azure-iot-device-3.0.0b2.tar.gz,0
honcho-2.0.0.tar.gz,0
jellyfish-1.2.0.tar.gz,0
adal-1.2.7.tar.gz,0
cli_helpers-2.4.0.tar.gz,0
pylint_plugin_utils-0.8.2.tar.gz,0
pyobjc-framework-CryptoTokenKit-9.2.tar.gz,0
uuid-1.30.tar.gz,0
recommonmark-0.7.0.tar.gz,0
googleads-9.0.0.tar.gz,0
bz2file-0.98.tar.gz,0
property-manager-3.0.tar.gz,0
llama_index_llms_litellm-0.4.1.tar.gz,0
arq-0.9.tar.gz,0
Sift-5.6.1.tar.gz,0
furl-2.1.4.tar.gz,0
findlibs-0.1.1.tar.gz,0
open_webui-0.6.5.tar.gz,0
dynamic-yaml-2.0.0.tar.gz,0
django_reversion-5.1.0.tar.gz,0
azure_mgmt_dns-8.2.0.tar.gz,0
pyDeprecate-0.3.2.tar.gz,0
chroma_hnswlib-0.7.6.tar.gz,0
thinc-8.3.6.tar.gz,0
setupmeta-3.8.0.tar.gz,0
python_ulid-3.0.0.tar.gz,0
stevedore-5.4.1.tar.gz,0
bitmap-0.0.7.tar.gz,0
pyintelowl-5.1.0.tar.gz,0
drf-nested-routers-0.94.1.tar.gz,0
fastapi-health-0.4.0.tar.gz,1
autoflake-2.3.1.tar.gz,0
agate-excel-0.4.1.tar.gz,0
backports.zoneinfo-0.2.1.tar.gz,0
prettierfier-1.0.3.tar.gz,0
opentelemetry_instrumentation_redis-0.53b1.tar.gz,0
google_cloud_managedkafka-0.1.9.tar.gz,0
py-money-0.5.0.tar.gz,0
fds.sdk.PAEngine-2.2.1.tar.gz,0
oscrypto-1.3.0.tar.gz,0
docopt_ng-0.9.0.tar.gz,0
acryl_datahub_airflow_plugin-15.0.5rc2.tar.gz,0
apeye-1.4.1.tar.gz,0
dbt_adapters-1.9.0.tar.gz,0
mypy_boto3_eks-1.37.24.tar.gz,0
confusable_homoglyphs-3.3.1.tar.gz,0
hyperframe-6.1.0.tar.gz,0
pyannote_database-6.0.0rc1.tar.gz,0
glcontext-3.0.0.tar.gz,0
mypy_boto3_appmesh-1.37.0.tar.gz,0
localstack_client-2.10.tar.gz,0
python-debian-1.0.1.tar.gz,0
aioboto3-9.6.0.tar.gz,0
databind.core-4.5.2.tar.gz,0
pyobjc-framework-AdSupport-9.2.tar.gz,0
simplejpeg-1.8.2.tar.gz,0
pytest_testmon-2.1.3.tar.gz,0
better_exceptions-0.3.3.tar.gz,0
prefect_snowflake-0.28.3.tar.gz,0
pymediainfo-7.0.1.tar.gz,0
pytest_factoryboy-2.7.0.tar.gz,0
dbt_postgres-1.9.0.tar.gz,0
swebench-3.0.9.tar.gz,0
pyscreeze-1.0.1.tar.gz,0
ftputil-5.1.0.tar.gz,0
jupyter_cadquery-3.5.2.tar.gz,0
llama_index_vector_stores_milvus-0.7.3.tar.gz,0
apache-flink-2.0.0.tar.gz,0
kt-legacy-1.0.5.tar.gz,0
pydantic_to_typescript-2.0.0.tar.gz,0
pyparser-1.0.tar.gz,0
mypy_boto3_partnercentral_selling-1.37.0.tar.gz,0
django_dbbackup-4.2.1.tar.gz,0
rcslice-1.1.0.tar.gz,0
pinecone_plugin_inference-3.1.0.tar.gz,0
mypy_boto3_s3outposts-1.37.0.tar.gz,0
fortifyapi-3.1.25.tar.gz,0
fab_classic-1.20.0.tar.gz,0
pexpect-4.9.0.tar.gz,0
torchsummary-1.5.1.tar.gz,0
opencensus-ext-fastapi-0.1.0.tar.gz,0
mailchimp3-3.0.21.tar.gz,0
mypy_boto3_fms-1.37.0.tar.gz,0
TgCrypto-1.2.5.tar.gz,0
pymupdf-1.25.5.tar.gz,0
gitpython-3.1.44.tar.gz,0
django-celery-email-3.0.0.tar.gz,0
mkdocstrings_python_legacy-0.2.6.tar.gz,0
google_search_results-2.4.2.tar.gz,0
dm-haiku-0.0.9.tar.gz,0
python_can-4.5.0.tar.gz,0
eth_typing-5.2.1.tar.gz,0
bc-jsonpath-ng-1.6.1.tar.gz,0
snowflake_core-1.3.0.tar.gz,0
pdfplumber-0.9.0.tar.gz,0
attr-0.3.2.tar.gz,0
