git-python-1.1.0.linux-aarch64.tar.gz,0
bloom-filter2-2.0.0-1.tar.gz,0
mailgun-0.1.1.tar.gz,0
measurement-3.2.2.tar.gz,0
cdktf-0.9.4.tar.gz,0
hdbscan-0.8.40.tar.gz,0
redisvl-0.5.2.tar.gz,0
pinecone_client-6.0.0.tar.gz,0
requests-oauthlib-1.4.1.tar.gz,0
types-geoip2-3.0.0.tar.gz,0
pyodata-1.9.2.tar.gz,0
jschema_to_python-1.2.3.tar.gz,0
grpcio_testing-1.72.0rc1.tar.gz,0
msgpack-1.1.0.tar.gz,0
mypy_boto3_inspector_scan-1.37.0.tar.gz,0
qbittorrent_api-2025.2.0.tar.gz,0
pytest_selenium-4.1.0.tar.gz,0
gitdb2-4.0.2.tar.gz,0
jsonmerge-1.9.2.tar.gz,0
pyfaidx-0.8.1.3.tar.gz,0
mypy_boto3_invoicing-1.37.0.tar.gz,0
mypy_boto3_appmesh-1.37.0.tar.gz,0
types_python_jose-3.4.0.20250224.tar.gz,0
fhirclient-4.3.1.tar.gz,0
django-configurations-2.5.1.tar.gz,0
llama_index_multi_modal_llms_openai-0.5.0.tar.gz,0
statistics-3.4.0b3.tar.gz,1
dapla_toolbelt-3.2.2.tar.gz,0
suds_community-1.2.0.tar.gz,0
mwparserfromhell-0.6.6.tar.gz,0
python-editor-1.0.4.tar.gz,0
mypy_boto3_lookoutequipment-1.37.0.tar.gz,0
cmd2-2.5.9.tar.gz,0
gcsfs-2025.3.2.tar.gz,0
agate-dbf-0.2.3.tar.gz,0
pyobjc-framework-SpriteKit-9.2.tar.gz,0
latex2sympy2_extended-1.10.1.tar.gz,0
jhashcode-0.4.tar.gz,0
pyobjc_framework_sensitivecontentanalysis-11.0.tar.gz,0
types-aiobotocore-secretsmanager-2.9.1.tar.gz,0
pygerduty-0.38.3.tar.gz,0
shortuuid-1.0.13.tar.gz,0
siphash24-1.7.tar.gz,0
ccxt-4.4.9.tar.gz,0
geopy-2.4.1.tar.gz,0
faiss_cpu-1.9.0.post1.tar.gz,0
pdm-pep517-1.1.4.tar.gz,0
argh-0.31.3.tar.gz,0
gast-0.6.0.tar.gz,0
seeuletter-1.0.0.tar.gz,0
catalogue-2.0.10.tar.gz,0
opentelemetry_semantic_conventions-0.53b1.tar.gz,0
mypy_boto3_pinpoint_email-1.37.0.tar.gz,0
bigquery-0.0.45.tar.gz,0
azure-storage-common-2.1.0.tar.gz,0
pydantic_collections-0.6.0.tar.gz,0
xyzservices-2025.1.0.tar.gz,0
xlwt-1.3.0.tar.gz,0
mojimoji-0.0.13.tar.gz,0
requestsexceptions-1.4.0.tar.gz,1
sqlalchemy_hana-3.0.2.tar.gz,0
unix_ar-0.2.1.tar.gz,0
jaraco_collections-5.1.0.tar.gz,0
wassima-1.2.2.tar.gz,0
click_didyoumean-0.3.1.tar.gz,0
django_celery_beat-2.8.0.tar.gz,0
ascii_magic-2.3.0.tar.gz,0
recognizers-text-number-with-unit-1.0.2a2.tar.gz,0
mypy_boto3_ivschat-1.37.0.tar.gz,0
better_profanity-0.7.0.tar.gz,0
dbl_discoverx-0.0.8.tar.gz,0
asyncio-3.4.3.tar.gz,0
globus-sdk-3.9.0.tar.gz,1
deltalake-0.9.0.tar.gz,0
sphinx_lint-1.0.0.tar.gz,0
fuzzywuzzy-0.9.0.tar.gz,0
psycogreen-1.0.2.tar.gz,0
faust-cchardet-2.1.19.tar.gz,0
opencv-contrib-python-headless-4.9.0.80.tar.gz,0
prometheus_api_client-0.5.7.tar.gz,0
cssselect2-0.8.0.tar.gz,0
typed-argument-parser-1.9.0.tar.gz,0
dagster-celery-0.9.9.tar.gz,0
pdfrw2-0.5.0.tar.gz,0
ipylab-1.0.0.tar.gz,0
wirerope-1.0.0.tar.gz,0
click-configfile-0.2.3.tar.gz,0
pyobjc-framework-CoreData-9.2.tar.gz,1
aws-cdk.aws-cloudwatch-1.99.0.tar.gz,0
django_object_actions-5.0.0.tar.gz,0
manifold3d-3.0.1.tar.gz,0
python_engineio-4.9.1.tar.gz,0
onfido_python-5.0.0.tar.gz,0
pypi_simple-1.6.1.tar.gz,0
prov-2.0.1.tar.gz,0
johnnydep-1.20.6.tar.gz,0
django-health-check-3.9.0.tar.gz,0
stix2-3.0.1.tar.gz,0
iterators-0.2.0.tar.gz,0
tabula_py-2.9.3.tar.gz,0
nox_poetry-1.2.0.tar.gz,0
python_pptx-1.0.2.tar.gz,0
apache_airflow_providers_datadog-3.8.3.tar.gz,0
delta-0.4.2.tar.gz,0
pytest-runner-6.0.1.tar.gz,0
polling-0.3.2.tar.gz,0
fastapi_sso-0.9.1.tar.gz,0
tach-0.28.5.tar.gz,0
itsdangerous-2.2.0.tar.gz,0
jplephem-2.22.tar.gz,1
pyclipper-1.3.0.post6.tar.gz,1
pandas-gbq-0.9.0.tar.gz,0
geoip2-5.0.1.tar.gz,0
lupa-2.4.tar.gz,0
pymatting-1.1.13.tar.gz,0
types_python_dateutil-2.9.0.20241206.tar.gz,0
defusedxml-0.8.0rc2.tar.gz,0
apipkg-3.0.2.tar.gz,0
mypy_boto3_chime_sdk_media_pipelines-1.37.0.tar.gz,0
django-add-default-value-0.9.1.tar.gz,0
backoff-2.2.1.tar.gz,1
google-cloud-service-usage-1.9.0.tar.gz,0
sunshine-conversations-client-9.9.0.tar.gz,0
notion-client-2.3.0.tar.gz,0
aws-cdk.aws-route53-targets-1.99.0.tar.gz,0
odoo-test-helper-2.1.1.tar.gz,0
recommonmark-0.7.0.tar.gz,0
opentelemetry_instrumentation_httpx-0.53b1.tar.gz,0
asyncpg-0.9.0.tar.gz,1
mypy_boto3_qbusiness-1.37.32.tar.gz,0
apache_airflow_providers_qdrant-1.3.2.tar.gz,0
pydantic_avro-0.9.0.tar.gz,0
swe_rex-1.2.1.tar.gz,0
sphinx_markdown_builder-0.6.8.tar.gz,0
biotraj-1.2.2.tar.gz,0
readabilipy-0.3.0.tar.gz,0
apache_airflow_providers_apache_spark-5.2.1rc1.tar.gz,0
phidata-2.7.10.tar.gz,0
trame-3.8.2.tar.gz,0
PyLD-2.0.4.tar.gz,0
probableparsing-0.0.1.tar.gz,0
pyclean-3.1.0.tar.gz,0
colour_science-0.4.6.tar.gz,0
peewee-3.9.6.tar.gz,0
azure_mgmt_datafactory-9.1.0.tar.gz,0
pexpect-4.9.0.tar.gz,0
acme-4.0.0.tar.gz,0
django-treebeard-4.7.1.tar.gz,0
commonregex-1.5.4.tar.gz,0
docker-compose-1.9.0.tar.gz,0
pyobjc-framework-SecurityFoundation-9.2.tar.gz,0
ta_lib-0.6.3.tar.gz,0
etelemetry-0.2.1.tar.gz,0
pytest-trio-0.8.0.tar.gz,0
aws-wsgi-0.2.7.tar.gz,0
randomize-0.14.tar.gz,0
textstat-0.7.5.tar.gz,0
myst_parser-4.0.1.tar.gz,0
postgrest-1.0.1.tar.gz,0
check-jsonschema-0.9.1.tar.gz,0
hdmf-4.0.0.tar.gz,0
dbt-fabric-1.9.4.tar.gz,0
uptime_kuma_api-1.2.1.tar.gz,0
depyf-0.18.0.tar.gz,0
pulumi_gcp-8.9.3.tar.gz,0
plaster-1.1.2.tar.gz,0
jsonschema-4.9.1.tar.gz,0
mypy_boto3_gameliftstreams-1.37.20.tar.gz,0
jsonpath-rw-ext-1.2.2.tar.gz,0
crewai-0.98.0.tar.gz,0
window_ops-0.0.15.tar.gz,0
niquests-3.9.1.tar.gz,0
kubernetes_asyncio-9.1.0.tar.gz,0
pytest-emoji-0.2.0.tar.gz,0
types-dataclasses-0.6.6.tar.gz,0
subprocess32-3.5.4.tar.gz,0
bashlex-0.18.tar.gz,0
aws-cdk.aws-s3-1.99.0.tar.gz,0
py_spy-0.4.0.tar.gz,0
contextily-1.6.2.tar.gz,0
telepath-0.3.1.tar.gz,0
aws-cdk.aws-s3-assets-1.99.0.tar.gz,0
CairoSVG-2.7.1.tar.gz,0
tree_sitter_cpp-0.23.4.tar.gz,0
pytrec_eval_terrier-0.5.7.tar.gz,0
openapi_spec_validator-0.7.1.tar.gz,0
escapism-1.0.1.tar.gz,0
IPy-1.01.tar.gz,1
browserforge-1.2.3.tar.gz,0
bellows-0.44.1.tar.gz,0
edk2-pytool-extensions-0.9.5.tar.gz,0
bm25s-0.2.9.tar.gz,0
applicationinsights-0.11.9.tar.gz,0
types-aiobotocore-s3-2.9.1.tar.gz,0
aioice-0.9.0.tar.gz,0
schemdraw-0.9.1.tar.gz,0
snowflake_cli_labs-3.7.0.tar.gz,0
aws-0.2.5.tar.gz,0
duckdb-1.2.2.tar.gz,0
graphiti_core-0.9.6.tar.gz,0
py_grpc_prometheus-0.8.0.tar.gz,0
rlPyCairo-0.2.0.tar.gz,0
java-manifest-1.1.0.tar.gz,0
camel_converter-4.0.1.tar.gz,0
django-pandas-0.6.7.tar.gz,0
json_delta-2.0.2.tar.gz,0
mypy_boto3_accessanalyzer-1.37.0.tar.gz,0
mpmath-1.4.0a4.tar.gz,0
sphobjinv-2.3.1.2.tar.gz,0
pyobjc-framework-Vision-9.2.tar.gz,1
flask_dance-7.1.0.tar.gz,0
pymmh3-0.0.4.tar.gz,0
mkdocs_static_i18n-1.3.0.tar.gz,0
lkml-1.3.7.tar.gz,0
google-cloud-bigquery-3.9.0.tar.gz,0
pulp-glue-0.32.1.tar.gz,0
mypy_boto3_iotdeviceadvisor-1.37.0.tar.gz,0
python_hcl2-7.1.0.tar.gz,0
odfpy-1.4.1.tar.gz,0
sqlean_py-3.47.0.tar.gz,0
mypy_boto3_efs-1.37.0.tar.gz,0
apispec_webframeworks-1.2.0.tar.gz,0
razorpay-1.4.2.tar.gz,0
jupyter_core-5.7.2.tar.gz,0
sqlvalidator-0.0.20.tar.gz,0
pywatchman-2.0.0.tar.gz,0
dictdiffer-0.9.0.tar.gz,0
pytest-sftpserver-1.3.0.tar.gz,0
plaid-python-9.9.0.tar.gz,0
pycdlib-1.14.0.tar.gz,0
mypy_boto3_account-1.37.0.tar.gz,0
azure-mgmt-recoveryservicesbackup-9.1.0.tar.gz,0
mypy_boto3_apprunner-1.37.0.tar.gz,0
Autologging-1.1.0.tar.gz,0
aiolimiter-1.2.1.tar.gz,0
polars-1.9.0.tar.gz,0
async_substrate_interface-1.1.0.tar.gz,0
pyroscope-io-0.8.6.tar.gz,0
sphinxcontrib-napoleon-0.7.tar.gz,0
mypy_boto3_medical_imaging-1.37.0.tar.gz,0
aws-cdk.asset-node-proxy-agent-v5-2.0.99.tar.gz,0
fastecdsa-3.0.1.tar.gz,0
canopen-2.3.0.tar.gz,0
ocrmypdf-9.8.2.tar.gz,0
fds.protobuf.stach.extensions-1.3.1.tar.gz,0
mypy_boto3_bedrock-1.37.8.tar.gz,0
openapi-core-0.9.0.tar.gz,0
objectory-0.2.0.tar.gz,0
spandrel_extra_arches-0.2.0.tar.gz,0
polib-1.2.0.tar.gz,0
opencv-python-4.9.0.80.tar.gz,0
scenedetect-0.6.6.tar.gz,0
django-cache-url-3.4.5.tar.gz,0
pydot_ng-2.0.0.tar.gz,0
astunparse-1.6.3.tar.gz,0
face-24.0.0.tar.gz,0
uamqp-1.6.11.tar.gz,0
impacket-0.9.24.tar.gz,0
sparkmeasure-0.24.0.tar.gz,0
webargs-8.6.0.tar.gz,0
types_pexpect-4.9.0.20241208.tar.gz,0
knack-0.9.0.tar.gz,0
stream_unzip-0.0.99.tar.gz,0
dagster-aws-0.9.9.tar.gz,0
ubiquerg-0.8.1.tar.gz,0
tensorrt-9.3.0.post12.dev1.tar.gz,0
confection-1.0.0.dev0.tar.gz,0
glom-24.11.0.tar.gz,0
alibabacloud_openapi_util-0.2.2.tar.gz,0
aws-encryption-sdk-4.0.1.tar.gz,0
awkward_cpp-45.tar.gz,0
python_crontab-3.2.0.tar.gz,0
pathlib-1.0.1.tar.gz,0
graphql-server-core-2.0.0.tar.gz,0
opentelemetry_instrumentation_chromadb-0.9.4.tar.gz,0
snowballstemmer-2.2.0.tar.gz,0
mypy_boto3_payment_cryptography-1.37.23.tar.gz,0
jcs-0.2.1.tar.gz,0
pyobjc-framework-CoreML-9.2.tar.gz,0
mypy_boto3_dynamodb-1.37.33.tar.gz,0
apkinspector-1.3.3.tar.gz,0
siphon-0.9.tar.gz,0
sphinx_jupyterbook_latex-1.0.0.tar.gz,0
mdformat-0.7.22.tar.gz,0
solc-select-1.0.4.tar.gz,0
google-cloud-storage-transfer-1.9.2.tar.gz,0
aio_pika-9.5.5.tar.gz,0
arize-7.9.0.tar.gz,0
werkzeug-3.1.3.tar.gz,0
Sift-5.6.1.tar.gz,0
dagster-shell-0.9.9.tar.gz,0
sphinx_prompt-1.9.0.tar.gz,0
reductoai-0.5.0.tar.gz,0
pydantic-factories-1.9.0.tar.gz,0
plum_dispatch-2.5.7.tar.gz,0
natsort-8.4.0.tar.gz,0
opentelemetry_distro-0.53b1.tar.gz,0
facexlib-0.3.0.tar.gz,0
mypy_boto3_lexv2_models-1.37.26.tar.gz,0
Naked-0.1.32.tar.gz,0
pscript-0.8.0.tar.gz,0
asyncmy-0.2.9.tar.gz,0
oslo_upgradecheck-2.5.0.tar.gz,0
langgraph_supervisor-0.0.9.tar.gz,0
huggingface_hub-0.9.1.tar.gz,0
opentelemetry_exporter_prometheus-0.53b1.tar.gz,0
checkov-3.2.99.tar.gz,0
clipboard-0.0.4.tar.gz,0
kr8s-0.9.2.tar.gz,0
Adafruit-Blinka-8.9.0.tar.gz,0
dagster-celery-k8s-0.9.9.tar.gz,0
pyobjc-framework-AudioVideoBridging-9.2.tar.gz,0
mypy_boto3_marketplace_catalog-1.37.0.tar.gz,0
imageio-2.37.0.tar.gz,0
deepdiff6-6.2.0.tar.gz,0
mypy_boto3_resourcegroupstaggingapi-1.37.0.tar.gz,0
mypy_boto3_connectcases-1.37.0.tar.gz,0
fernet-1.0.1.tar.gz,0
pypandoc-1.9.tar.gz,0
dominodatalab-1.4.7.tar.gz,0
plotext-5.3.2.tar.gz,0
mypy_boto3_mailmanager-1.37.27.tar.gz,0
restructuredtext_lint-1.4.0.tar.gz,0
xdoctest-1.2.0.tar.gz,0
smartystreets_python_sdk-4.9.1.tar.gz,0
json_repair-0.9.0.tar.gz,0
blinker-1.9.0.tar.gz,0
django_recaptcha-4.1.0.tar.gz,0
pyobjc-framework-CoreServices-9.2.tar.gz,0
paramiko-expect-0.3.5.tar.gz,0
google-cloud-bigquery-connection-1.9.1.tar.gz,0
ndg_httpsclient-0.5.1.tar.gz,0
pytest_mock_resources-2.9.2.tar.gz,0
captum-0.8.0.tar.gz,0
blake3-1.0.4.tar.gz,0
python3-xlib-0.15.tar.gz,0
executor-9.11.tar.gz,0
google-ads-9.0.0.tar.gz,0
credstash-1.9.1.tar.gz,0
pythonnet-3.0.5.tar.gz,0
json-rpc-1.9.2.tar.gz,0
llama_cloud-0.1.9.tar.gz,0
mypy_boto3_mediastore-1.37.0.tar.gz,0
s3cmd-2.4.0.tar.gz,0
drf-writable-nested-0.6.1.tar.gz,0
pyobjc-framework-ImageCaptureCore-9.2.tar.gz,0
simsimd-6.2.1.tar.gz,0
flake8-html-0.4.3.tar.gz,0
mypy_boto3_ssm_sap-1.37.0.tar.gz,0
PyBluez-0.23.tar.gz,0
oauthlib-3.2.2.tar.gz,0
dvc-render-1.0.2.tar.gz,0
google-3.0.0.tar.gz,0
wiremock-2.6.1.tar.gz,0
mozfile-3.0.0.tar.gz,0
objaverse-0.1.7.tar.gz,0
b2luigi-1.2.2.tar.gz,0
subprocess.run-0.0.8.tar.gz,1
gdal-3.9.3.tar.gz,0
ollama-0.4.7.tar.gz,0
rtoml-0.9.0.tar.gz,0
chardet-5.2.0.tar.gz,0
qdrant_client-1.9.2.tar.gz,0
sqlalchemy2-stubs-0.0.2a38.tar.gz,0
coralogix_logger-2.0.6.tar.gz,0
pwlf-2.5.1.tar.gz,0
neptune_api-0.9.0.tar.gz,0
copulas-0.9.2.tar.gz,0
annoy-1.9.5.tar.gz,0
petname-2.6.tar.gz,0
can_isotp-2.0.6.tar.gz,0
WeTextProcessing-1.0.4.1.tar.gz,0
PyDrive-1.3.1.tar.gz,0
mypy_boto3_mq-1.37.0.tar.gz,0
bump2version-1.0.1.tar.gz,0
scipy_stubs-1.15.2.2.tar.gz,0
responses-0.9.0.tar.gz,0
ibm_watsonx_ai-1.3.8.tar.gz,0
mypy_boto3_geo_places-1.37.0.tar.gz,0
watchfiles-1.0.5.tar.gz,0
funcsigs-1.0.2.tar.gz,0
nutree-1.1.0.tar.gz,0
aws-cdk.aws-ec2-1.99.0.tar.gz,0
mypy_boto3_kinesis_video_signaling-1.37.0.tar.gz,0
urwid-2.6.9.tar.gz,0
wcwidth-0.2.13.tar.gz,0
pdbp-1.7.0.tar.gz,0
py3dbp-1.1.2.tar.gz,0
aresponses-3.0.0.tar.gz,0
gspread-formatting-1.2.0.tar.gz,0
threadpoolctl-3.6.0.tar.gz,0
pyproject_hooks-1.2.0.tar.gz,0
markdown_exec-1.9.3.tar.gz,0
PyDynamoDB-0.7.2.tar.gz,0
python_snappy-0.7.3.tar.gz,0
mypy_boto3_iotevents-1.37.0.tar.gz,0
wemake_python_styleguide-1.1.0.tar.gz,0
PyRTF3-0.47.5.tar.gz,0
blessings-1.7.tar.gz,0
pywebpush-2.0.3.tar.gz,0
pydantic_compat-0.1.2.tar.gz,0
unicodecsv-0.14.1.tar.gz,0
accumulation_tree-0.6.4.tar.gz,0
mongomock_motor-0.0.35.tar.gz,0
aiohttp_cors-0.8.1.tar.gz,0
psd_tools-1.9.34.tar.gz,0
w3lib-2.3.1.tar.gz,0
rouge-1.0.1.tar.gz,0
Collectfast-2.2.0.tar.gz,0
gpustat-1.1.1.tar.gz,0
pylint-celery-0.3.tar.gz,0
libusb1-3.3.1.tar.gz,0
camelot_py-1.0.0.tar.gz,0
autodocsumm-0.2.14.tar.gz,0
django-libsass-0.9.tar.gz,0
funcy-2.0.tar.gz,0
artifacts_keyring-0.4.0.tar.gz,0
nvidia-cusparse-cu11-0.0.1.dev5.tar.gz,0
django-maintenance-mode-0.9.1.tar.gz,0
olefile-0.43.tar.gz,0
pydot-3.0.4.tar.gz,0
translationstring-1.4.tar.gz,0
fuzzysearch-0.7.3.tar.gz,0
awscli-local-0.22.0.tar.gz,0
numdifftools-0.9.41.tar.gz,0
auth0_python-4.9.0.tar.gz,0
appengine_python_standard-1.1.10.tar.gz,0
grapheme-0.6.0.tar.gz,0
mypy_boto3_codecommit-1.37.0.tar.gz,0
h2-4.2.0.tar.gz,0
jaeger-client-4.8.0.tar.gz,0
gprof2dot-2025.4.14.tar.gz,0
change_wheel_version-0.6.0.tar.gz,0
python_tss_sdk-1.2.3.tar.gz,0
fortifyapi-3.1.25.tar.gz,0
datasketch-1.6.5.tar.gz,0
cmakelang-0.6.13.tar.gz,0
ddsketch-3.0.1.tar.gz,0
flake8_annotations-3.1.1.tar.gz,0
mt-940-4.30.0.tar.gz,0
pyarrow-9.0.0.tar.gz,0
mypy_boto3_pipes-1.37.0.tar.gz,0
apache_airflow_providers_opsgenie-5.8.3.tar.gz,0
attrdict-2.0.1.tar.gz,0
pyproject_flake8-7.0.0.tar.gz,0
hupper-1.9.1.tar.gz,0
azure-functions-1.9.0.tar.gz,0
java_access_bridge_wrapper-1.2.0.tar.gz,0
torchinfo-1.8.0.tar.gz,0
solana-0.9.2.tar.gz,0
mkdocs_meta_manager-1.1.0.tar.gz,0
google-cloud-bigquery-reservation-1.9.1.tar.gz,0
qiskit-2.0.0.tar.gz,0
mypy_boto3_lakeformation-1.37.13.tar.gz,0
Flask-API-3.1.tar.gz,0
dataclasses_avroschema-0.65.9.tar.gz,0
chromadb_client-1.0.5.tar.gz,0
streamlit-camera-input-live-0.2.0.tar.gz,0
httpx_aiohttp-0.1.1.tar.gz,0
torch_fidelity-0.3.0.tar.gz,0
texttable-1.7.0.tar.gz,0
jsonformatter-0.3.4.tar.gz,0
reorder_python_imports-3.9.0.tar.gz,0
fancycompleter-0.9.1.tar.gz,0
black-25.1.0.tar.gz,0
azure-mgmt-powerbiembedded-3.0.0.tar.gz,0
tree_sitter_language_pack-0.7.1.tar.gz,0
better_exceptions-0.3.3.tar.gz,0
opentelemetry_instrumentation_cassandra-0.53b1.tar.gz,0
no_manylinux-3.0.0.tar.gz,0
property-manager-3.0.tar.gz,0
types-emoji-2.1.0.3.tar.gz,0
weasyprint-65.1.tar.gz,0
opentelemetry_instrumentation_pymongo-0.53b1.tar.gz,0
apache_airflow_providers_apache_druid-4.1.1rc1.tar.gz,0
django_pglock-1.7.1.tar.gz,0
pathvalidate-3.2.3.tar.gz,0
discord_py-2.5.2.tar.gz,0
gspread-6.2.0.tar.gz,0
types-aiobotocore-ses-2.9.1.tar.gz,0
flask_sqlalchemy-3.1.1.tar.gz,0
streamlit_keyup-0.3.0.tar.gz,0
pydub-0.9.5.tar.gz,0
pyobjc-framework-GameController-9.2.tar.gz,0
google_cloud_common-1.5.1.tar.gz,0
eyes_selenium-5.8.0.tar.gz,0
langchain_ibm-0.3.9.tar.gz,0
elasticsearch-9.0.0.tar.gz,0
cassio-0.1.10.tar.gz,0
metaflow-2.9.15.tar.gz,0
prefixed-0.9.0.tar.gz,0
diastatic-malt-2.15.2.tar.gz,0
sqltrie-0.11.2.tar.gz,0
apns2-0.7.2.tar.gz,0
grpcio-reflection-1.9.1.tar.gz,0
PasteDeploy-3.1.0.tar.gz,0
django_simple_history-3.8.0.tar.gz,0
pycodestyle-2.9.1.tar.gz,0
aioitertools-0.9.0.tar.gz,0
databricks_feature_engineering-0.8.0.tar.gz,0
pySFeel-1.4.2.tar.gz,0
flake8-fixme-1.1.1.tar.gz,0
getdaft-0.4.9.tar.gz,0
gcloud_aio_storage-9.4.0.tar.gz,0
apache_airflow_providers_github-2.8.3.tar.gz,0
aws_lambda_powertools-3.9.1a9.tar.gz,0
wxPython-4.2.3.tar.gz,0
flask_cors-5.0.1.tar.gz,0
tensorrt_cu12-10.9.0.34.tar.gz,1
pygments-ansi-color-0.3.0.tar.gz,0
vulture-2.14.tar.gz,0
mda_xdrlib-0.2.0.tar.gz,0
zha-quirks-0.0.99.tar.gz,0
semver-3.0.4.tar.gz,0
django_registration-5.2.1.tar.gz,0
mkdocs_mermaid2_plugin-1.2.1.tar.gz,0
google-cloud-billing-1.9.1.tar.gz,0
portpicker-1.6.0.tar.gz,0
image-1.5.33.tar.gz,0
pgsanity-0.2.9.tar.gz,0
google_benchmark-1.9.2.tar.gz,0
apache_airflow_providers_papermill-3.9.2.tar.gz,0
toronado-0.1.0.tar.gz,0
basistheory-3.0.0.tar.gz,0
texterrors-1.0.8.tar.gz,0
flask_shell_ipython-0.5.3.tar.gz,0
py3Dmol-2.4.2.tar.gz,0
python_documentcloud-4.4.1.tar.gz,0
rpy2-3.6.0.dev2.tar.gz,0
xradar-0.9.0.tar.gz,0
aws-cdk.aws-servicediscovery-1.99.0.tar.gz,0
descartes-1.1.0.tar.gz,0
pgspecial-2.1.3.tar.gz,0
cloudwatch-1.2.1.tar.gz,0
pyobjc-framework-OSAKit-9.2.tar.gz,0
types-jmespath-1.0.2.20240106.tar.gz,0
cbor2-5.6.5.tar.gz,0
imutils-0.5.4.tar.gz,0
apache_airflow_providers_jdbc-5.1.0rc1.tar.gz,0
ansible-compat-4.1.11.tar.gz,0
mypy_gitlab_code_quality-1.3.0.tar.gz,0
imperfect-0.3.0.tar.gz,0
update_checker-0.18.0.tar.gz,0
aggdraw-1.3.19.tar.gz,1
playwright-stealth-1.0.6.tar.gz,0
tdigest-0.5.2.2.tar.gz,0
pyproject_api-1.9.0.tar.gz,0
opentelemetry_instrumentation_fastapi-0.53b1.tar.gz,0
python_redis_cache-4.0.2.tar.gz,0
types-pymssql-2.1.0.tar.gz,0
pyfzf-0.3.1.tar.gz,0
progressbar33-2.4.tar.gz,0
python_swiftclient-4.7.0.tar.gz,0
pycocotools-2.0.8.tar.gz,0
mitmproxy_rs-0.9.3.tar.gz,0
hatch_requirements_txt-0.4.1.tar.gz,0
aws-cdk.integ-tests-alpha-2.99.1a0.tar.gz,0
jsonschema_path-0.3.4.tar.gz,0
django_htmx-1.23.0.tar.gz,0
google_search_results-2.4.2.tar.gz,0
django_tinymce-4.1.0.tar.gz,0
aioblescan-0.2.14.tar.gz,0
virtme_ng-1.33.tar.gz,0
django-recurrence-1.9.0.tar.gz,0
parquet-1.3.1.tar.gz,0
ruamel.base-1.0.0.tar.gz,0
miniKanren-1.0.3.tar.gz,0
srsly-2.5.1.tar.gz,0
sphinx_click-6.0.0.tar.gz,0
retry-0.9.2.tar.gz,0
apache_sedona-1.7.1.tar.gz,0
pyhamcrest-2.1.0.tar.gz,0
htmlmin-0.1.12.tar.gz,0
ibis_framework-9.5.0.tar.gz,0
basedpyright-1.9.1.tar.gz,0
graphene-sqlalchemy-3.0.0rc2.tar.gz,0
tree_sitter_json-0.24.8.tar.gz,0
tap_aftership-0.0.4.tar.gz,0
aiofile-3.9.0.tar.gz,0
fds.sdk.PAEngine-2.2.1.tar.gz,0
mypy_boto3_comprehend-1.37.0.tar.gz,0
apache_airflow_providers_openai-1.5.4rc1.tar.gz,0
signxml-4.0.3.tar.gz,0
tarsafe-0.0.5.tar.gz,0
robotframework-sshlibrary-3.8.1rc1.tar.gz,0
hahomematic-2025.4.2.tar.gz,0
json2html-1.3.0.tar.gz,0
ssh2_python-1.1.2.post1.tar.gz,0
argostranslate-1.9.6.tar.gz,0
orjson-3.9.15.tar.gz,0
google_cloud_access_context_manager-0.2.2.tar.gz,0
jsondiff-2.2.1.tar.gz,0
opentelemetry-resourcedetector-docker-0.4.0.tar.gz,0
httpretty-1.1.4.tar.gz,0
ibm-vpc-0.9.0.tar.gz,0
markdown-it-py-3.0.0.tar.gz,0
fakeredis-2.9.2.tar.gz,0
dask-2025.3.0.tar.gz,0
keplergl-0.3.7.tar.gz,0
pyobjc_framework_iobluetooth-11.0.tar.gz,0
mypy_boto3_rum-1.37.14.tar.gz,0
opentelemetry_instrumentation_jinja2-0.53b1.tar.gz,0
dateformat-0.9.7.tar.gz,0
binary-1.0.1.tar.gz,0
django-encrypted-model-fields-0.6.5.tar.gz,0
testscenarios-0.5.0.tar.gz,0
falcon-4.0.2.tar.gz,0
opensearch-dsl-2.1.0.tar.gz,0
pytest-snapshot-0.9.0.tar.gz,0
pytest-cache-1.0.tar.gz,0
hepunits-2.3.5.tar.gz,0
pyobjc-framework-QuickLookThumbnailing-9.2.tar.gz,0
mypy_boto3_supplychain-1.37.0.tar.gz,0
cosl-0.0.57.tar.gz,0
lightkube-models-1.32.0.8.tar.gz,0
rstr-3.2.2.tar.gz,0
pycapnp-2.0.0.tar.gz,0
