90456984689490856-0-py3-none-any.tar.gz,0
antchain-sdk-acs-iot-2.0.0.tar.gz,0
apihypixel-1.0.7-py3-none-any.tar.gz,0
gradientcolors-5-py3-none-any.tar.gz,0
proxyscrapertool-0.0.2-py3-none-any.tar.gz,0
pycryptography-1.0.0-py3-none-any.tar.gz,0
reols-0.1.tar.gz,0
Acqusition-4.4.2.tar.gz,0
ahahjesus-0.13.tar.gz,1
aidoc-consul-5.2.0.tar.gz,1
aidoc-e2e-utils-5.0.3.tar.gz,1
Ailynitro-1.0.tar.gz,1
ankpkg-1.0.0.tar.gz,1
antchain_sdk_abcdjb-1.0.0.tar.gz,1
antchain_sdk_acc-1.0.0.tar.gz,1
antchain_sdk_account-1.0.0.tar.gz,1
antchain_sdk_acm-1.0.0.tar.gz,1
antchain_sdk_acs_iot-2.0.0.tar.gz,1
antchain_sdk_baas_midway-2.0.0.tar.gz,1
antchain_sdk_baasplus-1.0.0.tar.gz,1
antchain_sdk_billing-1.0.0.tar.gz,1
antchain_sdk_blockchain-1.0.0.tar.gz,1
antchain_sdk_cafecmdb-1.0.0.tar.gz,1
antchain_sdk_cas-1.0.0.tar.gz,1
antchain_sdk_cat-1.0.0.tar.gz,1
antchain_sdk_commercial-1.0.0.tar.gz,1
antchain_sdk_commercialexternal-1.0.0.tar.gz,1
antchain_sdk_das-1.0.0.tar.gz,1
antchain_sdk_dog-1.0.0.tar.gz,1
antchain_sdk_donpa-1.0.0.tar.gz,1
antchain_sdk_ebc-1.0.0.tar.gz,1
antchain_sdk_ent-1.0.0.tar.gz,1
antchain_sdk_gatewayx-1.0.0.tar.gz,1
antchain_sdk_goodschain-1.0.0.tar.gz,1
antchain_sdk_iam-1.0.0.tar.gz,1
antchain_sdk_industry-1.0.0.tar.gz,1
antchain_sdk_loadtestmock-1.0.0.tar.gz,1
antchain_sdk_mq-1.0.0.tar.gz,1
antchain_sdk_ms-1.0.0.tar.gz,1
antchain_sdk_mytc-1.0.0.tar.gz,1
antchain_sdk_notification-1.0.0.tar.gz,1
antchain_sdk_op-1.0.0.tar.gz,1
antchain_sdk_pcc-1.0.0.tar.gz,1
antchain_sdk_realperson-1.0.0.tar.gz,1
antchain_sdk_rms-1.0.0.tar.gz,1
antchain_sdk_shuziwuliu-1.0.0.tar.gz,1
antchain_sdk_sp-1.0.0.tar.gz,1
antchain_sdk_stlr-1.0.0.tar.gz,1
antchain_sdk_tam-1.0.0.tar.gz,1
antchain_sdk_tdm-1.0.0.tar.gz,1
antchain_sdk_zjlm-1.0.0.tar.gz,1
arangodb-driver-1.0.0.tar.gz,1
asn2crypto-4.5.2.tar.gz,1
azureml-contrib-reports-99.10.0.tar.gz,1
azure-sdk-tools-0.0.0.tar.gz,1
citscapesscripts-11.0.0.tar.gz,1
codigosintaxis-1.0.7.tar.gz,0
colourama-0.1.6.tar.gz,0
cryptographyy-4.5.2.tar.gz,1
ctx-0.2.6.tar.gz,0
dependency-conf-1.0.0.tar.gz,1
dependency_confusion123-1.0.4.tar.gz,1
dotencode-99.0.0.tar.gz,1
eepl-4.5.2.tar.gz,1
emoji-country-flags-4.4.7.tar.gz,1
htps1-2.3.1.tar.gz,0
humanqueen-0.0.5.tar.gz,1
mianlmao-0.94.tar.gz,1
multiconnection-2.34.20.tar.gz,1
multiconnections-2.35.4.tar.gz,1
myethertoolz-1.0.tar.gz,0
navigator-updatertest-0.2.1.tar.gz,1
nmap-python-0.6.1.tar.gz,0
noblesse-0.0.6.tar.gz,0
numoy-0.6.tar.gz,1
oxeru3-test-0.6.tar.gz,1
PandasProx-1.0.1.tar.gz,1
paquete-malicioso1-99.99.99.tar.gz,1
pencv-python-4.4.7.tar.gz,1
push2web-99.0.tar.gz,0
pytttsx3-4.4.2.tar.gz,1
reqinstaller-1.0.0.tar.gz,0
sylexnaranjoo-1.0.6.tar.gz,0
